time,seconds_elapsed,dBFS
1687527428051000000,0.064,-160
1687527428170000000,0.182999755859375,-160
1687527428287000000,0.3,-160
1687527428403000000,0.416,-160
1687527428521000000,0.534,-80
1687527428638000000,0.651000244140625,-80
1687527428756000000,0.769,-101
1687527428874000000,0.886999755859375,0
1687527428991000000,1.004,-48
1687527429107000000,1.12,-73
1687527429225000000,1.238,-105
1687527429342000000,1.355000244140625,0
1687527429459000000,1.472,-58
1687527429577000000,1.59,-81
1687527429696000000,1.709,-6
1687527429811000000,1.824,-37
1687527429938000000,1.950999755859375,-65
1687527430044000000,2.057,-113
1687527430163000000,2.176,-14
1687527430279000000,2.292,-59
1687527430398000000,2.411000244140625,-85
1687527430514000000,2.526999755859375,-119
1687527430632000000,2.645,-15
1687527430749000000,2.762,-54
1687527430866000000,2.878999755859375,-82
1687527430983000000,2.996,-115
1687527431101000000,3.114,0
1687527431217000000,3.23,-54
1687527431336000000,3.349,-70
1687527431451000000,3.464,-109
1687527431568000000,3.581,0
1687527431685000000,3.698,-49
1687527431805000000,3.818,-81
1687527431921000000,3.934,-113
1687527432037000000,4.05,-26
1687527432155000000,4.168,-62
1687527432273000000,4.286,-100
1687527432393000000,4.406,-124
1687527432506000000,4.518999755859375,-15
1687527432626000000,4.638999755859375,-46
1687527432741000000,4.754,-75
1687527432858000000,4.870999755859375,-104
1687527432976000000,4.989,-127
1687527433090000000,5.102999755859375,-2
1687527433207000000,5.22,-53
1687527433325000000,5.338,-86
1687527433442000000,5.454999755859375,-118
1687527433561000000,5.574,-130
1687527433678000000,5.691000244140625,-100
1687527433792000000,5.805,-4
1687527433910000000,5.923000244140625,-43
1687527434026000000,6.038999755859375,-70
1687527434144000000,6.157,-101
1687527434260000000,6.273,-121
1687527434379000000,6.392,-129
1687527434497000000,6.51,-138
1687527434613000000,6.626,-12
1687527434729000000,6.742,-46
1687527434845000000,6.858,-82
1687527434963000000,6.976,-114
1687527435082000000,7.094999755859375,-130
1687527435202000000,7.214999755859375,-138
1687527435318000000,7.331000244140625,-139
1687527435433000000,7.446,-1
1687527435550000000,7.563000244140625,-41
1687527435667000000,7.68,-70
1687527435786000000,7.798999755859375,-101
1687527435902000000,7.915000244140625,-124
1687527436018000000,8.030999755859375,-140
1687527436137000000,8.15,-135
1687527436253000000,8.266,-16
1687527436370000000,8.382999755859375,-43
1687527436486000000,8.499000244140625,-66
1687527436604000000,8.617,-108
1687527436722000000,8.734999755859375,-126
1687527436838000000,8.851000244140625,-138
1687527436968000000,8.981,-136
1687527437072000000,9.085,-138
1687527437190000000,9.203000244140625,-10
1687527437307000000,9.32,-72
1687527437426000000,9.438999755859374,-112
1687527437541000000,9.554,-124
1687527437660000000,9.673,-132
1687527437781000000,9.794,-132
1687527437895000000,9.908,0
1687527438011000000,10.024,-49
1687527438127000000,10.14,-74
1687527438243000000,10.256,-113
1687527438360000000,10.373,-1
1687527438479000000,10.492,-58
1687527438594000000,10.606999755859375,-94
1687527438712000000,10.725,-4
1687527438832000000,10.845,-42
1687527438947000000,10.96,-65
1687527439064000000,11.077,-96
1687527439181000000,11.194,-10
1687527439300000000,11.313,-49
1687527439418000000,11.430999755859375,-72
1687527439533000000,11.546,-100
1687527439649000000,11.662,-17
1687527439767000000,11.78,-51
1687527439885000000,11.898,-80
1687527440002000000,12.014999755859375,-115
1687527440120000000,12.133,-132
1687527440235000000,12.248,-141
1687527440355000000,12.368,-141
1687527440470000000,12.483000244140625,-42
1687527440587000000,12.6,-56
1687527440704000000,12.717,-82
1687527440821000000,12.834,-118
1687527440942000000,12.955000244140624,-103
1687527441056000000,13.069,-139
1687527441172000000,13.185,-138
1687527441289000000,13.302,-135
1687527441406000000,13.419000244140625,-33
1687527441523000000,13.536,-69
1687527441641000000,13.654,-106
1687527441760000000,13.773,-122
1687527441876000000,13.889,-81
1687527441991000000,14.004,-112
1687527442109000000,14.122,-136
1687527442226000000,14.238999755859375,-133
1687527442344000000,14.357,-17
1687527442462000000,14.475000244140626,-51
1687527442579000000,14.592,-88
1687527442694000000,14.707000244140625,-113
1687527442811000000,14.824,-133
1687527442929000000,14.942,-136
1687527443045000000,15.058,-134
1687527443164000000,15.177,-138
1687527443282000000,15.294999755859376,-9
1687527443400000000,15.413,-65
1687527443519000000,15.532,-97
1687527443637000000,15.65,-124
1687527443755000000,15.768,-134
1687527443872000000,15.885,-136
1687527443991000000,16.004,-139
1687527444106000000,16.118999755859374,-138
1687527444224000000,16.237,-11
1687527444343000000,16.356,-67
1687527444462000000,16.475000244140624,-97
1687527444580000000,16.593,-129
1687527444698000000,16.710999755859376,-128
1687527444813000000,16.826,-134
1687527444931000000,16.944,-139
1687527445049000000,17.062,0
1687527445155000000,17.168,-49
1687527445271000000,17.284,-68
1687527445388000000,17.401,-7
1687527445506000000,17.518999755859376,-49
1687527445621000000,17.634,-72
1687527445737000000,17.75,-34
1687527445853000000,17.866,-61
1687527445983000000,17.996,-89
1687527446087000000,18.1,-27
1687527446205000000,18.218,-59
1687527446322000000,18.334999755859375,-81
1687527446436000000,18.449,-22
1687527446551000000,18.564,-48
1687527446668000000,18.681,-77
1687527446785000000,18.798,-27
1687527446902000000,18.915000244140625,-39
1687527447021000000,19.034,-69
1687527447130000000,19.142999755859375,-105
1687527447248000000,19.261,0
1687527447365000000,19.378,-53
1687527447485000000,19.498,-89
1687527447602000000,19.614999755859376,-7
1687527447722000000,19.734999755859373,-48
1687527447841000000,19.854,-83
1687527447955000000,19.968,-6
1687527448066000000,20.078999755859375,-62
1687527448185000000,20.198,-109
1687527448302000000,20.315000244140624,-20
1687527448421000000,20.434,-66
1687527448537000000,20.55,-101
1687527448653000000,20.666,-37
1687527448770000000,20.782999755859375,-56
1687527448887000000,20.9,-91
1687527449006000000,21.019000244140624,-127
1687527449122000000,21.134999755859376,-12
1687527449240000000,21.253,-58
1687527449359000000,21.372,-83
1687527449472000000,21.485,-6
1687527449590000000,21.603000244140624,-45
1687527449707000000,21.72,-67
1687527449824000000,21.837,-12
1687527449942000000,21.955000244140624,-39
1687527450056000000,22.069,-69
1687527450174000000,22.187000244140624,-94
1687527450291000000,22.304,-1
1687527450407000000,22.42,-48
1687527450525000000,22.538,-80
1687527450641000000,22.654,-4
1687527450761000000,22.774,-51
1687527450877000000,22.89,-86
1687527450990000000,23.003000244140626,-9
1687527451095000000,23.108,-28
1687527451213000000,23.226,-66
1687527451332000000,23.345,-99
1687527451446000000,23.459000244140626,-14
1687527451564000000,23.577,-60
1687527451682000000,23.694999755859374,-87
1687527451799000000,23.812,-22
1687527451917000000,23.93,-50
1687527452032000000,24.045,-72
1687527452149000000,24.162,-108
1687527452266000000,24.278999755859374,0
1687527452384000000,24.397,-39
1687527452502000000,24.515000244140627,-69
1687527452618000000,24.630999755859374,-29
1687527452737000000,24.75,-60
1687527452853000000,24.866,-82
1687527452983000000,24.996,-121
1687527453086000000,25.099000244140626,-15
1687527453204000000,25.217,-56
1687527453321000000,25.334,-84
1687527453449000000,25.462,-117
1687527453554000000,25.566999755859374,-9
1687527453672000000,25.685,-61
1687527453788000000,25.801,-90
1687527453906000000,25.918999755859375,-8
1687527454024000000,26.037,-47
1687527454140000000,26.153,-71
1687527454261000000,26.274,-11
1687527454376000000,26.389,-30
1687527454492000000,26.505,-69
1687527454608000000,26.621,-101
1687527454726000000,26.739000244140627,-13
1687527454843000000,26.856,-58
1687527454961000000,26.974,-98
1687527455074000000,27.086999755859374,-1
1687527455181000000,27.194,0
1687527455299000000,27.312,-73
1687527455413000000,27.426,-105
1687527455531000000,27.544,-2
1687527455648000000,27.661,-50
1687527455765000000,27.778,-79
1687527455883000000,27.896,-9
1687527456002000000,28.014999755859375,-49
1687527456118000000,28.131000244140626,-79
1687527456234000000,28.246999755859374,-113
1687527456351000000,28.364,-5
1687527456468000000,28.481,-49
1687527456587000000,28.6,-79
1687527456704000000,28.717,-110
1687527456822000000,28.835000244140623,-14
1687527456940000000,28.953,-48
1687527457054000000,29.067000244140626,-82
1687527457170000000,29.182999755859374,-15
1687527457286000000,29.299000244140625,-33
1687527457407000000,29.42,-62
1687527457520000000,29.533,-99
1687527457640000000,29.653,-7
1687527457758000000,29.771000244140627,-43
1687527457873000000,29.886,-67
1687527457989000000,30.002,-96
1687527458106000000,30.118999755859374,-16
1687527458226000000,30.238999755859375,-55
1687527458340000000,30.353,-89
1687527458459000000,30.472,-122
1687527458579000000,30.592,-2
1687527458694000000,30.707000244140627,-43
1687527458809000000,30.822,-73
1687527458926000000,30.939000244140626,-17
1687527459044000000,31.057,-10
1687527459162000000,31.174999755859375,-57
1687527459281000000,31.294,-95
1687527459401000000,31.414,-121
1687527459514000000,31.526999755859375,-15
1687527459633000000,31.646,-63
1687527459751000000,31.764,-93
1687527459869000000,31.882,-119
1687527459986000000,31.998999755859376,-7
1687527460099000000,32.112,-53
1687527460215000000,32.228,-75
1687527460333000000,32.346,-106
1687527460452000000,32.465,-4
1687527460567000000,32.58,-56
1687527460684000000,32.697,-97
1687527460802000000,32.814999755859375,-18
1687527460922000000,32.93499975585937,-38
1687527461037000000,33.05,-67
1687527461154000000,33.16699975585937,-94
1687527461270000000,33.283000244140624,-1
1687527461386000000,33.39899975585938,-28
1687527461505000000,33.518,-56
1687527461623000000,33.636,-92
1687527461741000000,33.754,-17
1687527461857000000,33.87,-53
1687527461987000000,34,-72
1687527462107000000,34.12,-109
1687527462224000000,34.237,-33
1687527462343000000,34.356,-73
1687527462458000000,34.470999755859374,-105
1687527462577000000,34.59,-129
1687527462692000000,34.705,-20
1687527462810000000,34.82299975585938,-45
1687527462926000000,34.93900024414062,-76
1687527463045000000,35.058,-108
1687527463162000000,35.174999755859375,-17
1687527463278000000,35.291000244140626,-51
1687527463398000000,35.411000244140624,-75
1687527463510000000,35.523000244140626,-105
1687527463628000000,35.641,-4
1687527463747000000,35.76,-40
1687527463864000000,35.877,-75
1687527463997000000,36.01,-108
1687527464117000000,36.13,-132
1687527464232000000,36.245,-16
1687527464350000000,36.36300024414062,-54
1687527464466000000,36.47899975585938,-78
1687527464584000000,36.597,-116
1687527464701000000,36.714,-133
1687527464818000000,36.830999755859374,-135
1687527464935000000,36.948,-139
1687527465053000000,37.066,-135
1687527465168000000,37.181,-137
1687527465285000000,37.298,-12
1687527465405000000,37.418,-32
1687527465520000000,37.533,-57
1687527465637000000,37.65,-102
1687527465755000000,37.768,-117
1687527465874000000,37.88699975585938,-134
1687527466004000000,38.017,-136
1687527466124000000,38.137,-140
1687527466245000000,38.258,-139
1687527466360000000,38.373,-139
1687527466475000000,38.488,-37
1687527466593000000,38.606,-46
1687527466709000000,38.722,-81
1687527466826000000,38.838999755859376,-115
1687527466944000000,38.957,-137
1687527467061000000,39.074,-138
1687527467177000000,39.19,-141
1687527467295000000,39.308,-140
1687527467411000000,39.424,-139
1687527467527000000,39.54,-40
1687527467646000000,39.65900024414063,-61
1687527467765000000,39.778,-96
1687527467883000000,39.896,-125
1687527468012000000,40.025,-137
1687527468117000000,40.13,-139
1687527468234000000,40.24699975585938,-140
1687527468350000000,40.36300024414062,-37
1687527468467000000,40.48,-63
1687527468586000000,40.598999755859374,-95
1687527468703000000,40.716,-126
1687527468820000000,40.833,-135
1687527468938000000,40.95099975585938,-140
1687527469053000000,41.066,-22
1687527469168000000,41.181,-60
1687527469287000000,41.3,-94
1687527469404000000,41.417,-116
1687527469522000000,41.534999755859374,-16
1687527469641000000,41.654,-47
1687527469763000000,41.776,-70
1687527469880000000,41.893,-27
1687527469998000000,42.011000244140625,-49
1687527470114000000,42.12699975585937,-38
1687527470231000000,42.244,-62
1687527470348000000,42.361,-28
1687527470466000000,42.47899975585938,-28
1687527470584000000,42.597,-71
1687527470703000000,42.716,-106
1687527470821000000,42.834,-18
1687527470939000000,42.952,-50
1687527471056000000,43.069,-87
1687527471161000000,43.174,-105
1687527471280000000,43.293,-23
1687527471399000000,43.412,-53
1687527471513000000,43.526,-88
1687527471634000000,43.646999755859376,-26
1687527471751000000,43.764,-63
1687527471867000000,43.88,-8
1687527471986000000,43.99899975585937,-9
1687527472104000000,44.117,-17
1687527472223000000,44.236,-12
1687527472346000000,44.35899975585937,-22
1687527472462000000,44.475000244140624,-61
1687527472579000000,44.592,-94
1687527472696000000,44.709,-126
1687527472814000000,44.82700024414063,-20
1687527472931000000,44.944,-74
1687527473048000000,45.061,-112
1687527473169000000,45.182,-37
1687527473284000000,45.297,-88
1687527473402000000,45.41499975585938,-121
1687527473521000000,45.534,-32
1687527473637000000,45.65,-74
1687527473753000000,45.766,-109
1687527473869000000,45.882,-33
1687527473991000000,46.004,-60
1687527474107000000,46.12,-96
1687527474222000000,46.23500024414062,-125
1687527474339000000,46.352,-34
1687527474456000000,46.469,-93
1687527474573000000,46.586,-127
1687527474690000000,46.70299975585937,-72
1687527474806000000,46.819000244140625,-93
1687527474924000000,46.937,-125
1687527475041000000,47.054,-135
1687527475166000000,47.179000244140624,-43
1687527475281000000,47.294,-96
1687527475397000000,47.41,-130
1687527475515000000,47.528,-37
1687527475632000000,47.645,-66
1687527475749000000,47.762,-100
1687527475868000000,47.881,-28
1687527475987000000,48,-46
1687527476105000000,48.118,-81
1687527476222000000,48.23500024414062,-122
1687527476341000000,48.354,-36
1687527476460000000,48.473,-74
1687527476577000000,48.59,-120
1687527476694000000,48.70700024414062,-28
1687527476812000000,48.825,-64
1687527476930000000,48.942999755859375,-98
1687527477048000000,49.061,-33
1687527477166000000,49.179000244140624,-54
1687527477285000000,49.298,-95
1687527477402000000,49.41499975585938,-28
1687527477523000000,49.536,-41
1687527477640000000,49.653,-83
1687527477756000000,49.769,-123
1687527477871000000,49.884,-26
1687527477988000000,50.001,-84
1687527478106000000,50.11899975585938,-115
1687527478223000000,50.236,-31
1687527478348000000,50.361,-66
1687527478459000000,50.472,-94
1687527478575000000,50.588,-26
1687527478694000000,50.70700024414062,-38
1687527478809000000,50.822,-86
1687527478926000000,50.93900024414062,-12
1687527479043000000,51.056,-25
1687527479160000000,51.173,-70
1687527479278000000,51.291000244140626,-110
1687527479393000000,51.406,-12
1687527479509000000,51.522,-60
1687527479628000000,51.641,-103
1687527479745000000,51.758,-4
1687527479863000000,51.876,-45
1687527479978000000,51.99099975585938,-88
1687527480096000000,52.109,-13
1687527480214000000,52.227000244140626,-50
1687527480330000000,52.342999755859374,-86
1687527480449000000,52.462,-26
1687527480565000000,52.578,-49
1687527480681000000,52.694,-85
1687527480804000000,52.817,-119
1687527480917000000,52.93,-38
1687527481033000000,53.046,-71
1687527481151000000,53.164,-101
1687527481267000000,53.28,-23
1687527481384000000,53.397,-51
1687527481501000000,53.514,-89
1687527481621000000,53.634,-28
1687527481738000000,53.750999755859375,-59
1687527481855000000,53.868,-81
1687527481987000000,54,-114
1687527482105000000,54.118,-22
1687527482222000000,54.23500024414062,-68
1687527482341000000,54.354,-94
1687527482460000000,54.473,-21
1687527482576000000,54.589,-57
1687527482694000000,54.70700024414062,-77
1687527482811000000,54.824,-18
1687527482927000000,54.94,-45
1687527483046000000,55.05900024414063,-60
1687527483164000000,55.177,-104
1687527483282000000,55.29499975585937,-5
1687527483401000000,55.414,-43
1687527483517000000,55.53,-79
1687527483639000000,55.652,-14
1687527483758000000,55.77100024414062,-52
1687527483870000000,55.883000244140625,-84
1687527483989000000,56.002,0
1687527484097000000,56.11,-44
1687527484214000000,56.227000244140626,-63
1687527484330000000,56.342999755859374,-94
1687527484449000000,56.462,-1
1687527484567000000,56.58,-66
1687527484685000000,56.698,-89
1687527484804000000,56.817,-18
1687527484921000000,56.934,-46
1687527485038000000,57.051000244140624,-72
1687527485157000000,57.17,-104
1687527485274000000,57.28699975585938,-11
1687527485391000000,57.404,-48
1687527485508000000,57.521,-81
1687527485628000000,57.641,-12
1687527485745000000,57.758,-41
1687527485863000000,57.876,-76
1687527485985000000,57.998,-106
1687527486102000000,58.115000244140624,-125
1687527486222000000,58.23500024414062,-133
1687527486341000000,58.354,-133
1687527486455000000,58.468,-138
1687527486571000000,58.584,-14
1687527486687000000,58.7,-40
1687527486805000000,58.818,-14
1687527486923000000,58.936,-60
1687527487039000000,59.052,-18
1687527487159000000,59.172,-57
1687527487274000000,59.28699975585938,-25
1687527487390000000,59.40300024414063,-56
1687527487507000000,59.52,-6
1687527487626000000,59.63899975585937,-51
1687527487743000000,59.756,-7
1687527487861000000,59.874,-48
1687527487979000000,59.992,-26
1687527488095000000,60.108,-66
1687527488214000000,60.227000244140626,-38
1687527488330000000,60.342999755859374,-73
1687527488449000000,60.462,-27
1687527488566000000,60.57900024414062,-66
1687527488684000000,60.697,-5
1687527488804000000,60.817,-51
1687527488921000000,60.934,-3
1687527489039000000,61.052,-53
1687527489156000000,61.169,-44
1687527489275000000,61.288,-74
1687527489392000000,61.405,-19
1687527489509000000,61.522,-72
1687527489629000000,61.642,-14
1687527489746000000,61.75899975585938,-16
1687527489865000000,61.878,-58
1687527489980000000,61.993,-30
1687527490086000000,62.099000244140626,-65
1687527490204000000,62.217,-8
1687527490321000000,62.334,-54
1687527490440000000,62.453,-24
1687527490560000000,62.573,-30
1687527490685000000,62.698,-49
1687527490792000000,62.805,-8
1687527490910000000,62.923000244140624,-50
1687527491028000000,63.041,-1
1687527491146000000,63.15899975585938,-57
1687527491264000000,63.277,-36
1687527491382000000,63.395000244140626,-13
1687527491500000000,63.513,-30
1687527491616000000,63.629,-69
1687527491726000000,63.73900024414063,-46
1687527491844000000,63.857,-29
1687527491962000000,63.97499975585937,-8
1687527492079000000,64.092,-35
1687527492193000000,64.206,-27
1687527492311000000,64.324,-72
1687527492427000000,64.44,-37
1687527492546000000,64.55899975585938,-65
1687527492663000000,64.676,-64
1687527492779000000,64.792,-46
1687527492898000000,64.91099975585938,-78
1687527493013000000,65.026,-31
1687527493134000000,65.14700024414063,-39
1687527493250000000,65.26299975585937,-29
1687527493366000000,65.37900024414063,-52
1687527493500000000,65.513,-30
1687527493621000000,65.634,-46
1687527493736000000,65.749,-53
1687527493853000000,65.866,-40
1687527493973000000,65.986,-66
1687527494085000000,66.098,-25
1687527494203000000,66.216,-21
1687527494321000000,66.334,-28
1687527494440000000,66.453,-26
1687527494555000000,66.568,-34
1687527494670000000,66.68300024414063,-17
1687527494788000000,66.801,-20
1687527494907000000,66.92,-53
1687527495024000000,67.037,-33
1687527495143000000,67.156,-17
1687527495258000000,67.27099975585938,-56
1687527495374000000,67.38700024414062,-5
1687527495491000000,67.504,-9
1687527495608000000,67.621,-38
1687527495726000000,67.73900024414063,-80
1687527495842000000,67.85499975585938,-43
1687527495962000000,67.97499975585937,-71
1687527496077000000,68.09,-43
1687527496192000000,68.205,-40
1687527496308000000,68.321,-39
1687527496425000000,68.438,-63
1687527496541000000,68.554,-36
1687527496661000000,68.674,-66
1687527496777000000,68.79,-30
1687527496892000000,68.905,-72
1687527497007000000,69.02,-6
1687527497125000000,69.138,-51
1687527497241000000,69.254,-81
1687527497360000000,69.373,-43
1687527497475000000,69.488,-102
1687527497591000000,69.604,-53
1687527497707000000,69.72,-117
1687527497825000000,69.838,-113
1687527497941000000,69.954,-111
1687527498050000000,70.06299975585938,-50
1687527498167000000,70.18,-75
1687527498284000000,70.297,-32
1687527498403000000,70.416,-46
1687527498521000000,70.534,-36
1687527498635000000,70.648,-66
1687527498754000000,70.76699975585937,-89
1687527498868000000,70.881,0
1687527498986000000,70.99899975585937,-46
1687527499103000000,71.116,0
1687527499222000000,71.23500024414062,-42
1687527499338000000,71.35099975585938,-63
1687527499455000000,71.468,-10
1687527499571000000,71.584,-55
1687527499687000000,71.7,-11
1687527499806000000,71.81900024414062,-46
1687527499934000000,71.94700024414063,-80
1687527500043000000,72.056,-7
1687527500161000000,72.174,-65
1687527500278000000,72.29100024414062,-3
1687527500393000000,72.406,-41
1687527500510000000,72.52300024414062,-67
1687527500628000000,72.641,-14
1687527500743000000,72.756,-51
1687527500861000000,72.874,-89
1687527500983000000,72.996,-4
1687527501099000000,73.112,-69
1687527501212000000,73.225,-12
1687527501329000000,73.342,-44
1687527501447000000,73.46,-1
1687527501564000000,73.577,-26
1687527501681000000,73.694,-68
1687527501799000000,73.812,-100
1687527501932000000,73.945,0
1687527502050000000,74.06299975585938,-62
1687527502168000000,74.181,-2
1687527502287000000,74.3,-67
1687527502405000000,74.418,-4
1687527502522000000,74.53499975585937,-17
1687527502640000000,74.653,-18
1687527502757000000,74.77,-56
1687527502877000000,74.89,-85
1687527502994000000,75.00699975585937,-117
1687527503110000000,75.12300024414063,-22
1687527503230000000,75.24300024414063,-59
1687527503348000000,75.361,-17
1687527503467000000,75.48,-26
1687527503584000000,75.597,-50
1687527503701000000,75.714,-20
1687527503818000000,75.83099975585938,-75
1687527503936000000,75.949,-23
1687527504055000000,76.068,-78
1687527504173000000,76.186,-115
1687527504289000000,76.302,-12
1687527504409000000,76.422,-51
1687527504527000000,76.54,-5
1687527504644000000,76.657,-65
1687527504764000000,76.777,-106
1687527504881000000,76.894,-13
1687527504986000000,76.99899975585937,-56
1687527505100000000,77.113,-13
1687527505215000000,77.228,-71
1687527505333000000,77.346,-103
1687527505450000000,77.46299975585937,-11
1687527505568000000,77.581,-2
1687527505686000000,77.69900024414062,-39
1687527505803000000,77.816,-70
1687527505922000000,77.93499975585938,0
1687527506041000000,78.054,-45
1687527506161000000,78.174,-3
1687527506279000000,78.292,-59
1687527506381000000,78.394,-86
1687527506502000000,78.51500024414062,0
1687527506621000000,78.634,-1
1687527506736000000,78.749,-48
1687527506852000000,78.865,-72
1687527506968000000,78.981,0
1687527507085000000,79.098,-27
1687527507202000000,79.21499975585938,0
1687527507321000000,79.334,-59
1687527507439000000,79.452,-98
1687527507554000000,79.56699975585937,0
1687527507670000000,79.68300024414063,-9
1687527507787000000,79.8,-41
1687527507903000000,79.916,-83
1687527508023000000,80.036,-3
1687527508141000000,80.154,-39
1687527508260000000,80.273,0
1687527508378000000,80.39099975585937,-61
1687527508491000000,80.504,-89
1687527508608000000,80.621,0
1687527508726000000,80.73900024414063,-8
1687527508842000000,80.85499975585938,-37
1687527508960000000,80.973,-71
1687527509080000000,81.093,-115
1687527509200000000,81.213,0
1687527509315000000,81.328,-33
1687527509430000000,81.44300024414062,-53
1687527509549000000,81.562,-70
1687527509667000000,81.68,-108
1687527509786000000,81.79899975585937,0
1687527509908000000,81.921,-40
1687527510015000000,82.028,-62
1687527510132000000,82.145,-84
1687527510249000000,82.262,-112
1687527510366000000,82.37900024414063,-14
1687527510485000000,82.498,-62
1687527510603000000,82.616,-88
1687527510716000000,82.729,-118
1687527510834000000,82.84699975585937,-16
1687527510954000000,82.96699975585938,-19
1687527511068000000,83.081,-65
1687527511186000000,83.19899975585938,-96
1687527511303000000,83.316,-124
1687527511422000000,83.43500024414062,-19
1687527511537000000,83.55,-64
1687527511657000000,83.67,-87
1687527511772000000,83.785,-114
1687527511902000000,83.91500024414063,-19
1687527512022000000,84.03500024414062,-36
1687527512143000000,84.156,-64
1687527512259000000,84.272,-106
1687527512375000000,84.388,-130
1687527512491000000,84.504,-16
1687527512608000000,84.621,-51
1687527512724000000,84.737,-80
1687527512842000000,84.85499975585938,-110
1687527512962000000,84.97499975585937,-132
1687527513078000000,85.09100024414063,-138
1687527513194000000,85.20699975585937,-134
1687527513311000000,85.324,-11
1687527513428000000,85.441,-46
1687527513545000000,85.558,-84
1687527513664000000,85.677,-111
1687527513779000000,85.792,-131
1687527513908000000,85.921,-138
1687527514014000000,86.02700024414062,-136
1687527514131000000,86.144,-9
1687527514248000000,86.261,-32
1687527514366000000,86.37900024414063,-59
1687527514483000000,86.496,-97
1687527514601000000,86.614,-121
1687527514721000000,86.734,-134
1687527514835000000,86.848,-136
1687527514950000000,86.96300024414063,-138
1687527515068000000,87.081,-10
1687527515186000000,87.19899975585938,-46
1687527515304000000,87.317,-75
1687527515421000000,87.434,-103
1687527515541000000,87.554,-127
1687527515666000000,87.67899975585938,-128
1687527515778000000,87.79099975585937,-131
1687527515894000000,87.90700024414062,0
1687527516010000000,88.02299975585937,-49
1687527516123000000,88.136,-75
1687527516240000000,88.253,-103
1687527516358000000,88.37100024414063,-129
1687527516474000000,88.48699975585937,-133
1687527516590000000,88.60300024414063,-139
1687527516707000000,88.72,-139
1687527516825000000,88.838,0
1687527516941000000,88.954,-58
1687527517060000000,89.073,-106
1687527517174000000,89.18700024414062,-131
1687527517291000000,89.304,-135
1687527517410000000,89.42299975585938,-139
1687527517527000000,89.54,-8
1687527517644000000,89.657,-49
1687527517764000000,89.777,-80
1687527517879000000,89.892,-111
1687527517993000000,90.006,-131
1687527518111000000,90.124,-132
1687527518228000000,90.241,-135
1687527518347000000,90.36,-135
1687527518462000000,90.47500024414063,-7
1687527518579000000,90.592,-72
1687527518698000000,90.71099975585938,-100
1687527518813000000,90.826,-130
1687527518930000000,90.94299975585938,-132
1687527519048000000,91.061,-138
1687527519165000000,91.178,0
1687527519282000000,91.29499975585938,-39
1687527519400000000,91.413,-69
1687527519517000000,91.53,-99
1687527519633000000,91.646,-126
1687527519751000000,91.764,-132
1687527519868000000,91.881,-138
1687527519986000000,91.99899975585937,0
1687527520102000000,92.11500024414063,-42
1687527520224000000,92.237,-70
1687527520338000000,92.35099975585938,-100
1687527520454000000,92.46700024414062,-129
1687527520572000000,92.585,-134
1687527520688000000,92.701,-131
1687527520806000000,92.81900024414062,-1
1687527520923000000,92.936,-44
1687527521041000000,93.054,-95
1687527521157000000,93.17,-127
1687527521275000000,93.288,-131
1687527521392000000,93.405,-134
1687527521508000000,93.521,-24
1687527521625000000,93.638,-8
1687527521742000000,93.75500024414063,-67
1687527521860000000,93.873,-106
1687527521980000000,93.993,-129
1687527522095000000,94.108,-136
1687527522211000000,94.224,-136
1687527522332000000,94.345,-139
1687527522447000000,94.46,-12
1687527522566000000,94.57900024414063,-62
1687527522683000000,94.696,-90
1687527522800000000,94.813,-118
1687527522932000000,94.945,-135
1687527523049000000,95.062,-28
1687527523167000000,95.18,-72
1687527523284000000,95.297,-108
1687527523402000000,95.41499975585937,-129
1687527523518000000,95.53100024414063,-134
1687527523638000000,95.65100024414062,-45
1687527523753000000,95.766,-56
1687527523868000000,95.881,-91
1687527523985000000,95.998,-126
1687527524105000000,96.118,-139
1687527524222000000,96.23500024414062,-138
1687527524339000000,96.352,-141
1687527524455000000,96.468,-34
1687527524571000000,96.584,-84
1687527524689000000,96.702,-116
1687527524806000000,96.81900024414062,-131
1687527524938000000,96.95099975585937,-133
1687527525059000000,97.072,-140
1687527525176000000,97.189,-137
1687527525292000000,97.305,-139
1687527525413000000,97.426,-138
1687527525525000000,97.538,-19
1687527525645000000,97.658,-23
1687527525759000000,97.772,-73
1687527525878000000,97.89100024414063,-108
1687527525996000000,98.009,-128
1687527526111000000,98.124,-134
1687527526229000000,98.242,-136
1687527526346000000,98.35899975585937,-139
1687527526463000000,98.476,-137
1687527526581000000,98.594,-138
1687527526698000000,98.71099975585938,-138
1687527526814000000,98.82700024414062,-2
1687527526948000000,98.961,-37
1687527527065000000,99.078,-80
1687527527181000000,99.194,-108
1687527527302000000,99.31500024414062,-129
1687527527415000000,99.428,-130
1687527527529000000,99.542,-132
1687527527647000000,99.66,-134
1687527527764000000,99.777,-139
1687527527882000000,99.89499975585937,-139
1687527527999000000,100.012,-139
1687527528114000000,100.12699975585937,-5
1687527528228000000,100.241,-43
1687527528345000000,100.358,-73
1687527528463000000,100.476,-103
1687527528582000000,100.59500024414062,-128
1687527528698000000,100.71099975585938,-135
1687527528811000000,100.824,-137
1687527528928000000,100.941,-135
1687527529038000000,101.05100024414062,-137
1687527529141000000,101.154,-139
1687527529260000000,101.273,0
1687527529373000000,101.386,-36
1687527529490000000,101.50299975585938,-62
1687527529608000000,101.621,-92
1687527529725000000,101.738,-124
1687527529843000000,101.856,-134
1687527529962000000,101.97499975585937,-142
1687527530078000000,102.09100024414063,-138
1687527530193000000,102.206,-139
1687527530310000000,102.32300024414063,-140
1687527530428000000,102.441,-4
1687527530545000000,102.558,-46
1687527530662000000,102.67500024414062,-70
1687527530781000000,102.794,-110
1687527530899000000,102.912,-130
1687527531012000000,103.025,-139
1687527531133000000,103.146,-142
1687527531249000000,103.262,-141
1687527531367000000,103.38,-146
1687527531486000000,103.49900024414063,-19
1687527531606000000,103.61900024414062,-51
1687527531721000000,103.734,-72
1687527531841000000,103.854,-98
1687527531960000000,103.973,-124
1687527532074000000,104.08699975585938,-134
1687527532192000000,104.205,-138
1687527532309000000,104.322,-141
1687527532426000000,104.43899975585937,-139
1687527532546000000,104.55899975585938,-143
1687527532664000000,104.677,-15
1687527532784000000,104.797,-57
1687527532899000000,104.912,-92
1687527533021000000,105.034,-121
1687527533142000000,105.15500024414062,-128
1687527533259000000,105.272,-134
1687527533375000000,105.388,-136
1687527533493000000,105.506,-136
1687527533612000000,105.625,-138
1687527533729000000,105.742,-10
1687527533848000000,105.861,-65
1687527533966000000,105.97900024414062,-93
1687527534085000000,106.098,-126
1687527534205000000,106.218,-135
1687527534322000000,106.33499975585937,-136
1687527534440000000,106.453,-136
1687527534557000000,106.57,-142
1687527534675000000,106.688,-136
1687527534793000000,106.806,0
1687527534910000000,106.92300024414062,-58
1687527535025000000,107.038,-94
1687527535138000000,107.15099975585937,-120
1687527535248000000,107.261,-135
1687527535366000000,107.37900024414063,-136
1687527535489000000,107.502,-146
1687527535603000000,107.616,-142
1687527535721000000,107.734,-144
1687527535839000000,107.852,-3
1687527535957000000,107.97,-57
1687527536073000000,108.086,-84
1687527536190000000,108.20300024414063,-118
1687527536308000000,108.321,-135
1687527536426000000,108.43899975585937,-139
1687527536544000000,108.557,-139
1687527536662000000,108.67500024414062,-92
1687527536781000000,108.794,-131
1687527536897000000,108.91,-143
1687527537018000000,109.03099975585937,-138
1687527537133000000,109.146,-40
1687527537250000000,109.26299975585937,-34
1687527537368000000,109.381,-87
1687527537487000000,109.5,-118
1687527537603000000,109.616,-51
1687527537722000000,109.73499975585938,-102
1687527537843000000,109.856,-127
1687527537957000000,109.97,-44
1687527538077000000,110.09,-92
1687527538192000000,110.205,-45
1687527538310000000,110.32300024414063,-37
1687527538427000000,110.44,-101
1687527538545000000,110.558,-127
1687527538662000000,110.67500024414062,-29
1687527538780000000,110.793,-74
1687527538911000000,110.924,-24
1687527539031000000,111.044,-54
1687527539146000000,111.15899975585937,-75
1687527539263000000,111.276,-81
1687527539381000000,111.394,-78
1687527539496000000,111.509,-46
1687527539617000000,111.63,-92
1687527539731000000,111.744,-86
1687527539848000000,111.861,0
1687527539965000000,111.978,-51
1687527540085000000,112.098,-76
1687527540202000000,112.21499975585938,-8
1687527540321000000,112.334,-60
1687527540440000000,112.453,-83
1687527540558000000,112.57100024414062,-13
1687527540674000000,112.68699975585938,-76
1687527540792000000,112.805,-107
1687527540909000000,112.922,-13
1687527541027000000,113.04,-74
1687527541145000000,113.158,-103
1687527541265000000,113.278,-12
1687527541382000000,113.39500024414062,-67
1687527541500000000,113.513,-99
1687527541619000000,113.632,-20
1687527541736000000,113.749,-55
1687527541854000000,113.86700024414063,-87
1687527541971000000,113.984,-114
1687527542092000000,114.105,-31
1687527542208000000,114.221,-88
1687527542325000000,114.338,-116
1687527542444000000,114.457,-39
1687527542561000000,114.574,-81
1687527542679000000,114.692,-113
1687527542797000000,114.81,-11
1687527542911000000,114.924,-55
1687527543028000000,115.041,-88
1687527543145000000,115.158,-9
1687527543265000000,115.278,-45
1687527543381000000,115.394,-84
1687527543497000000,115.51,-26
1687527543614000000,115.62700024414063,-56
1687527543732000000,115.745,-103
1687527543847000000,115.86,-34
1687527543964000000,115.977,-70
1687527544084000000,116.097,-103
1687527544201000000,116.214,-9
1687527544322000000,116.33499975585937,-40
1687527544442000000,116.45499975585938,-73
1687527544557000000,116.57,-109
1687527544673000000,116.686,-25
1687527544792000000,116.805,-65
1687527544910000000,116.92300024414062,-101
1687527545027000000,117.04,-28
1687527545144000000,117.157,-68
1687527545263000000,117.276,-98
1687527545381000000,117.394,-126
1687527545498000000,117.51099975585937,-9
1687527545618000000,117.63099975585938,-54
1687527545734000000,117.74700024414062,-81
1687527545853000000,117.866,-13
1687527545970000000,117.98299975585938,-48
1687527546074000000,118.08699975585938,-79
1687527546190000000,118.20300024414063,-104
1687527546306000000,118.31899975585938,0
1687527546424000000,118.437,-47
1687527546540000000,118.553,-77
1687527546657000000,118.67,0
1687527546773000000,118.786,-50
1687527546887000000,118.9,-71
1687527547005000000,119.018,-17
1687527547122000000,119.13499975585937,-56
1687527547242000000,119.25499975585937,-86
1687527547356000000,119.369,-118
1687527547470000000,119.48300024414063,-15
1687527547588000000,119.601,-62
1687527547704000000,119.717,-86
1687527547821000000,119.834,-36
1687527547926000000,119.93900024414063,-68
1687527548030000000,120.04300024414063,-86
1687527548149000000,120.162,-120
1687527548266000000,120.27899975585937,-34
1687527548384000000,120.397,-69
1687527548501000000,120.514,-108
1687527548621000000,120.634,-128
1687527548735000000,120.748,-25
1687527548852000000,120.865,-70
1687527548969000000,120.982,-96
1687527549086000000,121.09900024414063,-127
1687527549204000000,121.217,-8
1687527549324000000,121.337,-58
1687527549438000000,121.45100024414063,-78
1687527549556000000,121.569,-113
1687527549672000000,121.685,-131
1687527549788000000,121.801,-138
1687527549908000000,121.921,0
1687527550023000000,122.036,-64
1687527550140000000,122.153,-94
1687527550256000000,122.269,-123
1687527550373000000,122.386,-138
1687527550489000000,122.502,-131
1687527550606000000,122.61900024414062,-146
1687527550723000000,122.736,-5
1687527550841000000,122.854,-59
1687527550958000000,122.97100024414063,-90
1687527551072000000,123.085,-119
1687527551189000000,123.202,-131
1687527551306000000,123.31899975585938,-140
1687527551423000000,123.436,-136
1687527551540000000,123.553,-12
1687527551659000000,123.672,-50
1687527551771000000,123.784,-83
1687527551887000000,123.9,-117
1687527552000000000,124.013,-133
1687527552116000000,124.129,-138
1687527552232000000,124.245,-138
1687527552349000000,124.362,-132
1687527552465000000,124.478,-12
1687527552582000000,124.59500024414062,-73
1687527552701000000,124.714,-112
1687527552819000000,124.832,-127
1687527552939000000,124.952,-136
1687527553051000000,125.064,-139
1687527553168000000,125.181,-18
1687527553287000000,125.3,-67
1687527553406000000,125.41900024414062,-98
1687527553520000000,125.533,-127
1687527553638000000,125.65100024414062,-140
1687527553753000000,125.766,-136
1687527553887000000,125.9,-26
1687527554006000000,126.01900024414063,-45
1687527554123000000,126.136,-94
1687527554241000000,126.254,-122
1687527554359000000,126.372,-137
1687527554474000000,126.48699975585937,-137
1687527554590000000,126.60300024414063,-138
1687527554708000000,126.721,-15
1687527554825000000,126.838,-54
1687527554945000000,126.958,-84
1687527555060000000,127.073,-117
1687527555181000000,127.194,-132
1687527555294000000,127.30700024414062,-136
1687527555410000000,127.42299975585938,-136
1687527555526000000,127.53900024414062,-2
1687527555644000000,127.657,-23
1687527555762000000,127.77499975585937,-72
1687527555897000000,127.91,-100
1687527556014000000,128.02700024414062,-126
1687527556132000000,128.145,-134
1687527556249000000,128.262,-142
1687527556376000000,128.389,-87
1687527556483000000,128.496,0
1687527556602000000,128.61499975585937,-52
1687527556721000000,128.734,-88
1687527556836000000,128.849,-122
1687527556952000000,128.965,-129
1687527557069000000,129.082,-142
1687527557187000000,129.2,-144
1687527557304000000,129.317,-139
1687527557422000000,129.43500024414064,-17
1687527557540000000,129.553,-68
1687527557658000000,129.67099975585938,-104
1687527557774000000,129.78700024414061,-127
1687527557890000000,129.90299975585938,-136
1687527558005000000,130.018,-136
1687527558125000000,130.138,-139
1687527558242000000,130.2549997558594,-20
1687527558360000000,130.373,-78
1687527558478000000,130.49100024414062,-109
1687527558599000000,130.612,-126
1687527558713000000,130.726,-136
1687527558831000000,130.844,-137
1687527558947000000,130.96,-15
1687527559067000000,131.08,-42
1687527559186000000,131.19899975585938,-84
1687527559302000000,131.31500024414063,-114
1687527559421000000,131.434,-130
1687527559541000000,131.554,-135
1687527559658000000,131.67099975585938,-135
1687527559774000000,131.78700024414061,-139
1687527559893000000,131.906,-12
1687527559998000000,132.01100024414063,-52
1687527560114000000,132.12699975585937,-87
1687527560232000000,132.245,-108
1687527560347000000,132.36,-131
1687527560464000000,132.477,-135
1687527560582000000,132.59500024414064,-137
1687527560699000000,132.712,-135
1687527560817000000,132.83,-134
1687527560932000000,132.945,-2
1687527561050000000,133.06299975585938,-46
1687527561168000000,133.181,-77
1687527561287000000,133.3,-106
1687527561403000000,133.416,-124
1687527561519000000,133.532,-132
1687527561636000000,133.649,-136
1687527561752000000,133.765,-129
1687527561870000000,133.88300024414062,-135
1687527561987000000,134,-7
1687527562106000000,134.11899975585936,-62
1687527562221000000,134.234,-91
1687527562341000000,134.354,-124
1687527562456000000,134.469,-130
1687527562572000000,134.585,-136
1687527562689000000,134.702,-135
1687527562806000000,134.81900024414062,-135
1687527562923000000,134.936,-136
1687527563041000000,135.054,-26
1687527563159000000,135.172,-63
1687527563275000000,135.288,-100
1687527563390000000,135.40300024414063,-122
1687527563508000000,135.521,-132
1687527563625000000,135.638,-131
1687527563742000000,135.75500024414063,-134
1687527563873000000,135.886,-130
1687527563979000000,135.992,-34
1687527564100000000,136.113,-80
1687527564217000000,136.23,-119
1687527564334000000,136.34700024414062,-26
1687527564451000000,136.464,-52
1687527564569000000,136.582,-89
1687527564687000000,136.7,-26
1687527564805000000,136.818,-72
1687527564923000000,136.936,-98
1687527565041000000,137.054,-22
1687527565159000000,137.172,-61
1687527565278000000,137.29100024414063,-90
1687527565400000000,137.413,-36
1687527565512000000,137.525,-71
1687527565632000000,137.645,-97
1687527565750000000,137.7630002441406,-38
1687527565867000000,137.88,-57
1687527565969000000,137.982,-99
1687527566089000000,138.102,-25
1687527566207000000,138.22,-27
1687527566325000000,138.338,-74
1687527566442000000,138.45499975585938,-22
1687527566562000000,138.57499975585938,-36
1687527566681000000,138.694,-77
1687527566796000000,138.809,-113
1687527566914000000,138.92699975585938,-20
1687527567035000000,139.048,-74
1687527567152000000,139.165,-106
1687527567268000000,139.281,-25
1687527567386000000,139.39899975585936,-74
1687527567504000000,139.517,-24
1687527567622000000,139.63500024414063,-56
1687527567741000000,139.754,-88
1687527567860000000,139.873,-17
1687527567980000000,139.993,-42
1687527568096000000,140.109,-76
1687527568214000000,140.2270002441406,-101
1687527568330000000,140.34299975585938,0
1687527568446000000,140.4590002441406,-46
1687527568564000000,140.577,-59
1687527568682000000,140.69499975585939,-7
1687527568797000000,140.81,-36
1687527568915000000,140.928,-67
1687527569033000000,141.046,-89
1687527569148000000,141.161,0
1687527569266000000,141.2789997558594,-61
1687527569383000000,141.396,-88
1687527569500000000,141.513,0
1687527569620000000,141.633,-48
1687527569735000000,141.748,-77
1687527569851000000,141.864,0
1687527569969000000,141.982,-51
1687527570089000000,142.102,-6
1687527570205000000,142.218,-11
1687527570323000000,142.336,-3
1687527570441000000,142.454,-39
1687527570561000000,142.574,-5
1687527570677000000,142.69,-5
1687527570795000000,142.808,-18
1687527570913000000,142.926,-20
1687527571029000000,143.042,-53
1687527571148000000,143.161,-36
1687527571265000000,143.278,-38
1687527571383000000,143.396,-57
1687527571503000000,143.516,-25
1687527571620000000,143.633,-22
1687527571738000000,143.75099975585937,-61
1687527571855000000,143.868,-22
1687527571961000000,143.974,-5
1687527572080000000,144.093,-50
1687527572201000000,144.214,-4
1687527572316000000,144.329,-65
1687527572433000000,144.446,0
1687527572554000000,144.56699975585937,-13
1687527572668000000,144.681,-9
1687527572786000000,144.79899975585937,-29
1687527572904000000,144.917,-64
1687527573023000000,145.036,-34
1687527573142000000,145.15500024414064,-84
1687527573258000000,145.27099975585938,-40
1687527573377000000,145.39,-44
1687527573493000000,145.506,-35
1687527573612000000,145.625,-89
1687527573728000000,145.741,-23
1687527573847000000,145.86,-68
1687527573954000000,145.96699975585938,-19
1687527574070000000,146.08300024414064,-60
1687527574196000000,146.209,-4
1687527574304000000,146.317,-5
1687527574423000000,146.436,-64
1687527574538000000,146.55099975585938,-10
1687527574657000000,146.67,-60
1687527574773000000,146.786,-100
1687527574889000000,146.902,0
1687527575006000000,147.0190002441406,-40
1687527575123000000,147.136,-24
1687527575241000000,147.254,-77
1687527575361000000,147.374,-118
1687527575477000000,147.49,-11
1687527575592000000,147.605,-59
1687527575710000000,147.72300024414062,-88
1687527575825000000,147.838,-28
1687527575944000000,147.957,-65
1687527576064000000,148.077,-88
1687527576182000000,148.19500024414063,-12
1687527576297000000,148.31,-53
1687527576414000000,148.42700024414063,-78
1687527576533000000,148.546,-24
1687527576649000000,148.662,-59
1687527576766000000,148.77900024414063,-88
1687527576884000000,148.897,-14
1687527577002000000,149.01499975585938,-51
1687527577121000000,149.134,-88
1687527577241000000,149.254,-4
1687527577358000000,149.37100024414062,-44
1687527577472000000,149.485,-72
1687527577590000000,149.60300024414062,-16
1687527577707000000,149.72,-45
1687527577826000000,149.83899975585936,-69
1687527577935000000,149.948,-104
1687527578055000000,150.068,-4
1687527578172000000,150.185,-39
1687527578288000000,150.301,-70
1687527578406000000,150.41900024414062,-18
1687527578524000000,150.537,-43
1687527578642000000,150.65499975585936,-74
1687527578759000000,150.772,-31
1687527578875000000,150.888,-51
1687527578994000000,151.00699975585937,-70
1687527579111000000,151.124,-106
1687527579227000000,151.24,-13
1687527579345000000,151.358,-46
1687527579462000000,151.47500024414063,-69
1687527579583000000,151.596,-5
1687527579699000000,151.712,-32
1687527579819000000,151.832,-59
1687527579927000000,151.94,-89
1687527580046000000,152.05900024414063,-16
1687527580162000000,152.17499975585937,-56
1687527580282000000,152.29499975585938,-85
1687527580397000000,152.41,-27
1687527580512000000,152.525,-47
1687527580629000000,152.642,-75
1687527580746000000,152.75899975585938,-13
1687527580864000000,152.877,-26
1687527580981000000,152.994,-55
1687527581100000000,153.113,-84
1687527581214000000,153.2270002441406,-15
1687527581333000000,153.346,-46
1687527581449000000,153.462,-75
1687527581565000000,153.578,-25
1687527581682000000,153.69499975585939,-49
1687527581801000000,153.814,-80
1687527581920000000,153.933,-23
1687527582038000000,154.05100024414062,-53
1687527582155000000,154.168,-70
1687527582273000000,154.286,-99
1687527582392000000,154.405,-6
1687527582507000000,154.52,-65
1687527582625000000,154.638,-91
1687527582744000000,154.757,0
1687527582861000000,154.874,-52
1687527582981000000,154.994,-83
1687527583101000000,155.114,-2
1687527583216000000,155.229,-33
1687527583335000000,155.348,-61
1687527583450000000,155.46299975585939,-94
1687527583568000000,155.581,-4
1687527583686000000,155.69900024414062,-62
1687527583807000000,155.82,-95
1687527583926000000,155.93900024414063,-2
1687527584044000000,156.057,-51
1687527584164000000,156.177,-82
1687527584284000000,156.297,0
1687527584402000000,156.41499975585938,-43
1687527584517000000,156.53,-72
1687527584635000000,156.648,-98
1687527584754000000,156.7669997558594,-8
1687527584863000000,156.876,-68
1687527584982000000,156.9950002441406,-103
1687527585100000000,157.113,-14
1687527585216000000,157.229,-58
1687527585334000000,157.34700024414062,-85
1687527585450000000,157.46299975585939,-9
1687527585566000000,157.57900024414062,-46
1687527585684000000,157.697,-28
1687527585803000000,157.816,-74
1687527585920000000,157.933,-32
1687527586037000000,158.05,-24
1687527586152000000,158.165,-72
1687527586269000000,158.282,-22
1687527586388000000,158.401,-71
1687527586504000000,158.517,-26
1687527586623000000,158.636,-65
1687527586738000000,158.75099975585937,-23
1687527586850000000,158.86299975585936,-60
1687527586955000000,158.968,-14
1687527587070000000,159.08300024414064,-50
1687527587187000000,159.2,-87
1687527587304000000,159.317,0
1687527587422000000,159.43500024414064,-57
1687527587541000000,159.554,-10
1687527587655000000,159.668,-58
1687527587771000000,159.784,-82
1687527587887000000,159.9,-11
1687527588004000000,160.017,-67
1687527588121000000,160.134,-20
1687527588238000000,160.2510002441406,-56
1687527588352000000,160.365,-87
1687527588468000000,160.481,-3
1687527588586000000,160.59899975585938,-50
1687527588702000000,160.7150002441406,-83
1687527588821000000,160.834,-6
1687527588930000000,160.94299975585938,-62
1687527589047000000,161.06,-18
1687527589163000000,161.176,-60
1687527589282000000,161.29499975585938,-87
1687527589400000000,161.413,-14
1687527589516000000,161.529,-60
1687527589634000000,161.64699975585938,-13
1687527589749000000,161.762,-29
1687527589867000000,161.88,-59
1687527589985000000,161.998,-31
1687527590102000000,162.11500024414062,-57
1687527590220000000,162.233,-96
1687527590336000000,162.349,-30
1687527590453000000,162.466,-65
1687527590569000000,162.582,-105
1687527590686000000,162.69900024414062,-6
1687527590806000000,162.81900024414062,-56
1687527590921000000,162.934,-2
1687527591041000000,163.054,-31
1687527591158000000,163.17100024414063,-65
1687527591273000000,163.286,-18
1687527591389000000,163.402,-39
1687527591506000000,163.51899975585937,-84
1687527591624000000,163.637,-23
1687527591743000000,163.756,-66
1687527591856000000,163.869,-109
1687527591977000000,163.99,-9
1687527592093000000,164.106,-48
1687527592209000000,164.222,-83
1687527592333000000,164.346,-21
1687527592445000000,164.458,-85
1687527592561000000,164.574,-21
1687527592680000000,164.693,-47
1687527592795000000,164.808,-81
1687527592913000000,164.926,-8
1687527593030000000,165.04300024414061,-44
1687527593149000000,165.162,-80
1687527593266000000,165.2789997558594,-46
1687527593385000000,165.398,-80
1687527593503000000,165.516,-115
1687527593623000000,165.636,-2
1687527593742000000,165.75500024414063,-59
1687527593858000000,165.87099975585937,-29
1687527593975000000,165.988,-64
1687527594094000000,166.10700024414064,-97
1687527594210000000,166.22299975585938,0
1687527594328000000,166.341,-47
1687527594446000000,166.4590002441406,-68
1687527594565000000,166.578,-15
1687527594685000000,166.698,-69
1687527594804000000,166.817,-30
1687527594921000000,166.934,-40
1687527595039000000,167.052,-84
1687527595156000000,167.169,-27
1687527595273000000,167.286,-61
1687527595391000000,167.404,-86
1687527595505000000,167.518,0
1687527595625000000,167.638,-47
1687527595741000000,167.754,-72
1687527595858000000,167.87099975585937,-32
1687527595976000000,167.989,-64
1687527596092000000,168.105,-32
1687527596209000000,168.222,-45
1687527596326000000,168.33900024414064,-93
1687527596442000000,168.45499975585938,-33
1687527596563000000,168.576,-67
1687527596680000000,168.693,-31
1687527596796000000,168.809,-50
1687527596913000000,168.926,-81
1687527597031000000,169.044,-28
1687527597147000000,169.16,-60
1687527597266000000,169.2789997558594,-14
1687527597382000000,169.39500024414062,-49
1687527597503000000,169.516,-89
1687527597617000000,169.63,-30
1687527597734000000,169.74700024414062,-59
1687527597849000000,169.862,-99
1687527597967000000,169.98,-12
1687527598084000000,170.097,-64
1687527598202000000,170.21499975585937,-92
1687527598319000000,170.332,-15
1687527598437000000,170.45,-62
1687527598553000000,170.566,-38
1687527598669000000,170.682,-25
1687527598786000000,170.79899975585937,-76
1687527598906000000,170.91899975585937,-60
1687527599022000000,171.03500024414063,-112
1687527599140000000,171.153,-118
1687527599255000000,171.268,-18
1687527599372000000,171.385,-50
1687527599489000000,171.502,-16
1687527599607000000,171.62,-21
1687527599723000000,171.736,-70
1687527599841000000,171.854,-11
1687527599957000000,171.97,-57
1687527600075000000,172.088,-91
1687527600194000000,172.20699975585939,-13
1687527600313000000,172.326,-63
1687527600430000000,172.44300024414062,-9
1687527600547000000,172.56,-54
1687527600665000000,172.678,-86
1687527600783000000,172.796,-2
1687527600901000000,172.914,-47
1687527601020000000,173.033,-15
1687527601138000000,173.15099975585937,-56
1687527601254000000,173.26700024414063,-88
1687527601372000000,173.385,-121
1687527601490000000,173.50299975585938,-4
1687527601608000000,173.621,-4
1687527601726000000,173.7390002441406,-34
1687527601843000000,173.856,-73
1687527601951000000,173.964,-108
1687527602067000000,174.08,-6
1687527602186000000,174.19899975585938,-46
1687527602301000000,174.314,-14
1687527602420000000,174.433,-60
1687527602537000000,174.55,-94
1687527602654000000,174.66700024414064,-116
1687527602769000000,174.782,-130
1687527602886000000,174.89900024414064,0
1687527603005000000,175.018,-54
1687527603122000000,175.13499975585938,-83
1687527603240000000,175.253,-112
1687527603358000000,175.37100024414062,-126
1687527603473000000,175.486,0
1687527603592000000,175.605,-47
1687527603707000000,175.72,-68
1687527603824000000,175.837,-94
1687527603943000000,175.956,-126
1687527604062000000,176.07500024414063,0
1687527604177000000,176.19,-50
1687527604295000000,176.308,-68
1687527604412000000,176.425,-98
1687527604529000000,176.542,-123
1687527604647000000,176.66,-10
1687527604776000000,176.789,-69
1687527604894000000,176.90700024414062,-103
1687527605014000000,177.02700024414062,-130
1687527605130000000,177.14299975585936,-139
1687527605249000000,177.262,0
1687527605366000000,177.37900024414063,-62
1687527605486000000,177.49900024414063,-83
1687527605603000000,177.616,-118
1687527605723000000,177.736,-25
1687527605838000000,177.85100024414064,-65
1687527605955000000,177.968,-91
1687527606075000000,178.088,-122
1687527606193000000,178.206,-135
1687527606309000000,178.322,-10
1687527606427000000,178.44,-64
1687527606546000000,178.55899975585936,-98
1687527606663000000,178.676,-117
1687527606782000000,178.79500024414062,-133
1687527606886000000,178.89900024414064,-10
1687527607005000000,179.018,-66
1687527607122000000,179.13499975585938,-103
1687527607241000000,179.254,-130
1687527607360000000,179.373,-1
1687527607477000000,179.49,-29
1687527607594000000,179.60699975585936,-63
1687527607714000000,179.72699975585937,-93
1687527607829000000,179.842,-124
1687527607948000000,179.961,-133
1687527608065000000,180.078,-11
1687527608183000000,180.196,-58
1687527608302000000,180.31500024414063,-93
1687527608421000000,180.434,-126
1687527608539000000,180.552,-136
1687527608655000000,180.668,-2
1687527608776000000,180.789,-52
1687527608899000000,180.912,-83
1687527609013000000,181.026,-123
1687527609131000000,181.144,-132
1687527609248000000,181.261,-117
1687527609366000000,181.37900024414063,-118
1687527609486000000,181.49900024414063,-133
1687527609603000000,181.616,-134
